date,month,month_long,mean_temp
2016-01-01,Jan,January,24
2016-01-02,Jan,January,23
2016-01-03,Jan,January,23
2016-01-04,Jan,January,17
2016-01-05,Jan,January,29
2016-01-06,Jan,January,33
2016-01-07,Jan,January,30
2016-01-08,Jan,January,25
2016-01-09,Jan,January,9
2016-01-10,Jan,January,11
2016-01-11,Jan,January,28
2016-01-12,Jan,January,24
2016-01-13,Jan,January,33
2016-01-14,Jan,January,40
2016-01-15,Jan,January,29
2016-01-16,Jan,January,19
2016-01-17,Jan,January,5
2016-01-18,Jan,January,11
2016-01-19,Jan,January,22
2016-01-20,Jan,January,28
2016-01-21,Jan,January,25
2016-01-22,Jan,January,22
2016-01-23,Jan,January,28
2016-01-24,Jan,January,30
2016-01-25,Jan,January,26
2016-01-26,Jan,January,29
2016-01-27,Jan,January,33
2016-01-28,Jan,January,41
2016-01-29,Jan,January,41
2016-01-30,Jan,January,39
2016-01-31,Jan,January,35
2016-02-01,Feb,February,31
2016-02-02,Feb,February,27
2016-02-03,Feb,February,17
2016-02-04,Feb,February,18
2016-02-05,Feb,February,28
2016-02-06,Feb,February,24
2016-02-07,Feb,February,36
2016-02-08,Feb,February,31
2016-02-09,Feb,February,26
2016-02-10,Feb,February,37
2016-02-11,Feb,February,32
2016-02-12,Feb,February,23
2016-02-13,Feb,February,19
2016-02-14,Feb,February,35
2016-02-15,Feb,February,36
2016-02-16,Feb,February,41
2016-02-17,Feb,February,41
2016-02-18,Feb,February,48
2016-02-19,Feb,February,52
2016-02-20,Feb,February,42
2016-02-21,Feb,February,40
2016-02-22,Feb,February,35
2016-02-23,Feb,February,36
2016-02-24,Feb,February,35
2016-02-25,Feb,February,31
2016-02-26,Feb,February,39
2016-02-27,Feb,February,50
2016-02-28,Feb,February,44
2016-02-29,Feb,February,34
2016-03-01,Mar,March,32
2016-03-02,Mar,March,39
2016-03-03,Mar,March,38
2016-03-04,Mar,March,45
2016-03-05,Mar,March,45
2016-03-06,Mar,March,56
2016-03-07,Mar,March,55
2016-03-08,Mar,March,45
2016-03-09,Mar,March,43
2016-03-10,Mar,March,46
2016-03-11,Mar,March,50
2016-03-12,Mar,March,46
2016-03-13,Mar,March,55
2016-03-14,Mar,March,53
2016-03-15,Mar,March,45
2016-03-16,Mar,March,40
2016-03-17,Mar,March,37
2016-03-18,Mar,March,31
2016-03-19,Mar,March,30
2016-03-20,Mar,March,33
2016-03-21,Mar,March,55
2016-03-22,Mar,March,58
2016-03-23,Mar,March,40
2016-03-24,Mar,March,30
2016-03-25,Mar,March,38
2016-03-26,Mar,March,31
2016-03-27,Mar,March,37
2016-03-28,Mar,March,45
2016-03-29,Mar,March,50
2016-03-30,Mar,March,47
2016-03-31,Mar,March,39
2016-04-01,Apr,April,35
2016-04-02,Apr,April,48
2016-04-03,Apr,April,60
2016-04-04,Apr,April,49
2016-04-05,Apr,April,56
2016-04-06,Apr,April,52
2016-04-07,Apr,April,45
2016-04-08,Apr,April,42
2016-04-09,Apr,April,46
2016-04-10,Apr,April,51
2016-04-11,Apr,April,40
2016-04-12,Apr,April,50
2016-04-13,Apr,April,60
2016-04-14,Apr,April,61
2016-04-15,Apr,April,63
2016-04-16,Apr,April,52
2016-04-17,Apr,April,44
2016-04-18,Apr,April,46
2016-04-19,Apr,April,46
2016-04-20,Apr,April,49
2016-04-21,Apr,April,57
2016-04-22,Apr,April,51
2016-04-23,Apr,April,63
2016-04-24,Apr,April,63
2016-04-25,Apr,April,57
2016-04-26,Apr,April,53
2016-04-27,Apr,April,44
2016-04-28,Apr,April,43
2016-04-29,Apr,April,44
2016-04-30,Apr,April,43
2016-05-01,May,May,46
2016-05-02,May,May,45
2016-05-03,May,May,52
2016-05-04,May,May,56
2016-05-05,May,May,58
2016-05-06,May,May,66
2016-05-07,May,May,62
2016-05-08,May,May,62
2016-05-09,May,May,58
2016-05-10,May,May,64
2016-05-11,May,May,56
2016-05-12,May,May,55
2016-05-13,May,May,50
2016-05-14,May,May,45
2016-05-15,May,May,45
2016-05-16,May,May,47
2016-05-17,May,May,53
2016-05-18,May,May,53
2016-05-19,May,May,57
2016-05-20,May,May,55
2016-05-21,May,May,62
2016-05-22,May,May,69
2016-05-23,May,May,67
2016-05-24,May,May,66
2016-05-25,May,May,69
2016-05-26,May,May,66
2016-05-27,May,May,65
2016-05-28,May,May,66
2016-05-29,May,May,67
2016-05-30,May,May,70
2016-05-31,May,May,64
2016-06-01,Jun,June,70
2016-06-02,Jun,June,67
2016-06-03,Jun,June,72
2016-06-04,Jun,June,65
2016-06-05,Jun,June,67
2016-06-06,Jun,June,66
2016-06-07,Jun,June,63
2016-06-08,Jun,June,75
2016-06-09,Jun,June,80
2016-06-10,Jun,June,81
2016-06-11,Jun,June,81
2016-06-12,Jun,June,81
2016-06-13,Jun,June,75
2016-06-14,Jun,June,73
2016-06-15,Jun,June,78
2016-06-16,Jun,June,82
2016-06-17,Jun,June,81
2016-06-18,Jun,June,75
2016-06-19,Jun,June,80
2016-06-20,Jun,June,73
2016-06-21,Jun,June,80
2016-06-22,Jun,June,72
2016-06-23,Jun,June,69
2016-06-24,Jun,June,78
2016-06-25,Jun,June,73
2016-06-26,Jun,June,71
2016-06-27,Jun,June,75
2016-06-28,Jun,June,71
2016-06-29,Jun,June,72
2016-06-30,Jun,June,72
2016-07-01,Jul,July,64
2016-07-02,Jul,July,59
2016-07-03,Jul,July,64
2016-07-04,Jul,July,72
2016-07-05,Jul,July,78
2016-07-06,Jul,July,76
2016-07-07,Jul,July,73
2016-07-08,Jul,July,70
2016-07-09,Jul,July,79
2016-07-10,Jul,July,83
2016-07-11,Jul,July,75
2016-07-12,Jul,July,71
2016-07-13,Jul,July,75
2016-07-14,Jul,July,74
2016-07-15,Jul,July,67
2016-07-16,Jul,July,71
2016-07-17,Jul,July,75
2016-07-18,Jul,July,77
2016-07-19,Jul,July,80
2016-07-20,Jul,July,81
2016-07-21,Jul,July,81
2016-07-22,Jul,July,85
2016-07-23,Jul,July,81
2016-07-24,Jul,July,75
2016-07-25,Jul,July,73
2016-07-26,Jul,July,74
2016-07-27,Jul,July,74
2016-07-28,Jul,July,70
2016-07-29,Jul,July,70
2016-07-30,Jul,July,72
2016-07-31,Jul,July,77
2016-08-01,Aug,August,79
2016-08-02,Aug,August,77
2016-08-03,Aug,August,78
2016-08-04,Aug,August,72
2016-08-05,Aug,August,68
2016-08-06,Aug,August,70
2016-08-07,Aug,August,69
2016-08-08,Aug,August,69
2016-08-09,Aug,August,77
2016-08-10,Aug,August,81
2016-08-11,Aug,August,80
2016-08-12,Aug,August,72
2016-08-13,Aug,August,71
2016-08-14,Aug,August,72
2016-08-15,Aug,August,73
2016-08-16,Aug,August,77
2016-08-17,Aug,August,77
2016-08-18,Aug,August,78
2016-08-19,Aug,August,67
2016-08-20,Aug,August,63
2016-08-21,Aug,August,64
2016-08-22,Aug,August,76
2016-08-23,Aug,August,75
2016-08-24,Aug,August,66
2016-08-25,Aug,August,66
2016-08-26,Aug,August,62
2016-08-27,Aug,August,71
2016-08-28,Aug,August,75
2016-08-29,Aug,August,73
2016-08-30,Aug,August,71
2016-08-31,Aug,August,70
2016-09-01,Sep,September,66
2016-09-02,Sep,September,66
2016-09-03,Sep,September,68
2016-09-04,Sep,September,72
2016-09-05,Sep,September,77
2016-09-06,Sep,September,67
2016-09-07,Sep,September,73
2016-09-08,Sep,September,69
2016-09-09,Sep,September,64
2016-09-10,Sep,September,60
2016-09-11,Sep,September,68
2016-09-12,Sep,September,60
2016-09-13,Sep,September,56
2016-09-14,Sep,September,54
2016-09-15,Sep,September,68
2016-09-16,Sep,September,63
2016-09-17,Sep,September,62
2016-09-18,Sep,September,69
2016-09-19,Sep,September,67
2016-09-20,Sep,September,72
2016-09-21,Sep,September,75
2016-09-22,Sep,September,65
2016-09-23,Sep,September,76
2016-09-24,Sep,September,66
2016-09-25,Sep,September,54
2016-09-26,Sep,September,56
2016-09-27,Sep,September,62
2016-09-28,Sep,September,56
2016-09-29,Sep,September,52
2016-09-30,Sep,September,53
2016-10-01,Oct,October,58
2016-10-02,Oct,October,63
2016-10-03,Oct,October,67
2016-10-04,Oct,October,55
2016-10-05,Oct,October,54
2016-10-06,Oct,October,43
2016-10-07,Oct,October,46
2016-10-08,Oct,October,55
2016-10-09,Oct,October,57
2016-10-10,Oct,October,62
2016-10-11,Oct,October,49
2016-10-12,Oct,October,37
2016-10-13,Oct,October,44
2016-10-14,Oct,October,58
2016-10-15,Oct,October,61
2016-10-16,Oct,October,57
2016-10-17,Oct,October,61
2016-10-18,Oct,October,54
2016-10-19,Oct,October,49
2016-10-20,Oct,October,44
2016-10-21,Oct,October,48
2016-10-22,Oct,October,55
2016-10-23,Oct,October,51
2016-10-24,Oct,October,46
2016-10-25,Oct,October,58
2016-10-26,Oct,October,59
2016-10-27,Oct,October,61
2016-10-28,Oct,October,67
2016-10-29,Oct,October,53
2016-10-30,Oct,October,48
2016-10-31,Oct,October,63
2016-11-01,Nov,November,53
2016-11-02,Nov,November,53
2016-11-03,Nov,November,53
2016-11-04,Nov,November,53
2016-11-05,Nov,November,51
2016-11-06,Nov,November,56
2016-11-07,Nov,November,50
2016-11-08,Nov,November,45
2016-11-09,Nov,November,45
2016-11-10,Nov,November,52
2016-11-11,Nov,November,41
2016-11-12,Nov,November,41
2016-11-13,Nov,November,52
2016-11-14,Nov,November,48
2016-11-15,Nov,November,50
2016-11-16,Nov,November,51
2016-11-17,Nov,November,40
2016-11-18,Nov,November,27
2016-11-19,Nov,November,25
2016-11-20,Nov,November,36
2016-11-21,Nov,November,32
2016-11-22,Nov,November,39
2016-11-23,Nov,November,35
2016-11-24,Nov,November,33
2016-11-25,Nov,November,37
2016-11-26,Nov,November,39
2016-11-27,Nov,November,37
2016-11-28,Nov,November,42
2016-11-29,Nov,November,34
2016-11-30,Nov,November,29
2016-12-01,Dec,December,33
2016-12-02,Dec,December,29
2016-12-03,Dec,December,29
2016-12-04,Dec,December,36
2016-12-05,Dec,December,38
2016-12-06,Dec,December,24
2016-12-07,Dec,December,16
2016-12-08,Dec,December,10
2016-12-09,Dec,December,9
2016-12-10,Dec,December,22
2016-12-11,Dec,December,15
2016-12-12,Dec,December,27
2016-12-13,Dec,December,12
2016-12-14,Dec,December,13
2016-12-15,Dec,December,18
2016-12-16,Dec,December,16
2016-12-17,Dec,December,-6
2016-12-18,Dec,December,-1
2016-12-19,Dec,December,16
2016-12-20,Dec,December,34
2016-12-21,Dec,December,34
2016-12-22,Dec,December,29
2016-12-23,Dec,December,29
2016-12-24,Dec,December,24
2016-12-25,Dec,December,37
2016-12-26,Dec,December,29
2016-12-27,Dec,December,29
2016-12-28,Dec,December,36
2016-12-29,Dec,December,30
2016-12-30,Dec,December,38
2016-12-31,Dec,December,30
